representation.smiles,medchem.valid,medchem.connected,medchem.qed,medchem.sa,medchem.logp,medchem.lipinski,medchem.size,medchem.n_rotatable_bonds,clashes.passed_clash_score_ligands,clashes.passed_clash_score_pockets,clashes.passed_clash_score_between,clashes.clash_score_ligands,clashes.clash_score_pockets,clashes.clash_score_between,geometry.C:C,geometry.C-O,geometry.C:N,geometry.C:C:C,geometry.C:C:N,geometry.C:C-O,geometry.C:N:C,ring_count.num_6_rings,energy.energy,chembl_ring_systems.min_ring_smi,chembl_ring_systems.min_ring_freq_gt0_,chembl_ring_systems.min_ring_freq_gt10_,chembl_ring_systems.min_ring_freq_gt100_,reos.Glaxo,reos.Dundee,reos.BMS,reos.PAINS,reos.SureChEMBL,reos.MLSMR,reos.Inpharmatica,reos.LINT,reos.all,geometry.C-C,geometry.N:N,geometry.C-C:C,geometry.C-C:N,geometry.C:N:N,geometry.N:C:N,ring_count.num_5_rings,geometry.C=C,geometry.C-C-C,geometry.C-C-O,geometry.C-C=C,ring_count.num_3_rings,geometry.C-F,geometry.C:C-F,geometry.C=N,geometry.C-N,geometry.C=O,geometry.C-O-C,geometry.C-C=N,geometry.C-N=C,geometry.C-C-N,geometry.C:C=O,ring_count.num_7_rings,geometry.N-N,geometry.N:N:C,geometry.N-N:N,geometry.C:C-N,geometry.C:N-N,geometry.C#N,geometry.C-C#N,geometry.C=C-O,geometry.C-C=O,geometry.N-C:N,geometry.C=C-N,geometry.N-C-N,geometry.N-C=N,geometry.C-N-C,geometry.C:S,geometry.C-Cl,geometry.C:S:C,geometry.C:C:S,geometry.O-C:S,geometry.C-C:S,geometry.C:C-Cl,geometry.N-O,geometry.C-N-O,geometry.C-N:N,geometry.C-N:C,geometry.C=C:N,geometry.C:C=C,geometry.C:C=N,geometry.C:O,geometry.N:O,geometry.C#C,geometry.C#C-C,geometry.C:C:O,geometry.C:O:N,geometry.C-C:O,geometry.C:N:O,geometry.N:N:N,geometry.C:O:C,geometry.N-C:O,novel,posebusters,reos,chembl_ring_systems,geometry.C=S,geometry.O-C=S,geometry.C-C=S,geometry.N-N-C,geometry.N=C-N,geometry.O-C=O,geometry.C#N-C,geometry.N=N,geometry.C-N=N,geometry.O=C-O,geometry.C-O-N,ring_count.num_8_rings
Oc1ccc2cc3ccncc3nc2c1,True,True,0.5616775215366682,2.1909617901325884,2.4886,5.0,15,0.0,True,True,True,0.0,0.0,0.0,"[1.3926149001831616, 1.3514837470497783, 1.3807519838249096, 1.3767485704225435, 1.374442356842796, 1.370359604973069, 1.3879784862268578, 1.3822862810415149, 1.3647588277164686, 1.3500485031879192, 1.3823516079814426, 1.3627164435487642]",[1.3617142678199416],"[1.3184176465022253, 1.3436335495051221, 1.3488648803308754, 1.3450904775072487]","[120.42812113934586, 122.6910452584454, 116.45364594734653, 116.87379584264173, 124.54956802807331, 120.73030367863805, 119.46617156026531, 120.41975289864727, 119.5835989508615, 120.94211377148801, 118.79655051431044, 120.25775363684994, 117.92215424249642, 116.79893680109107]","[118.40209210628159, 120.86658090796915, 122.49746531765282, 125.2947626991224, 121.13849425867079, 122.06041076731839]","[125.81556731753098, 113.72013076475312]","[117.00234877781408, 121.01384589535682]",3.0,,c1ccc2nc3cnccc3cc2c1,True,False,False,True,False,True,True,True,False,True,False,False,,,,,,,,,,,,,,,,,,,,,,,,,,,,,,,,,,,,,,,,,,,,,,,,,,,,,,,,,,,,,,,True,,0.5555555555555556,0.3333333333333333,,,,,,,,,,,,
Cc1cc2nc3c4ccccc4ccc3n2n1,False,,,,,,17,,True,True,True,0.0,0.0,0.0,"[1.290937399626878, 1.3580588942063216, 1.3812141092643697, 1.3463640871910696, 1.3378094230846815, 1.328632448199929, 1.3342511326093582, 1.335204471136183, 1.3668651175177142, 1.3507484805968264, 1.2941834608485108, 1.3215433459180748, 1.3294749547406979]",,"[1.285735031707522, 1.400727361917507, 1.3153590636138173, 1.35259924394942, 1.3817708395436483]","[109.46770010576996, 118.17306462819063, 124.81576500299697, 119.92256863264042, 117.00279585907373, 120.78590579252352, 119.32490550457118, 119.12343762216832, 122.41471568933768, 114.17266527625507, 119.88918819985875, 118.28079228027514, 121.93652378866557, 122.28458925678977, 126.44246229395972]","[112.16803075026738, 138.94676063521678, 105.029194764555, 153.49327295860374, 124.9749794079834, 108.57669531182063, 101.70452518326763]",,"[113.03516558737792, 116.74450414710286]",2.0,,,,,,False,False,False,False,False,False,False,False,,[1.3595430961148578],[1.4283388245443283],[133.58716727757476],[114.22310523129498],"[104.02772880776145, 137.97464331343556, 108.9403919403327]",[98.66535101256159],2.0,,,,,,,,,,,,,,,,,,,,,,,,,,,,,,,,,,,,,,,,,,,,,,,,,,,,,,,,True,,0.0,0.0,,,,,,,,,,,,
OCC1C2=Cc3cc(O)ccc3CC21,True,True,0.7019280514932488,3.777115015303978,1.5699999999999998,5.0,14,1.0,False,True,True,0.21428571428571427,0.0,0.0,"[1.3354026276561228, 1.2997610466064784, 1.3206937205347336, 1.3627250063348457, 1.3599144618001449, 1.3696871874303784]","[1.3064856666325484, 1.525185900311348]",,"[120.70353411443985, 124.01676456348432, 116.37269060434828, 115.99682276754679, 119.62817108379231, 123.11980821718164]",,"[119.90007943611712, 123.2806455937208]",,2.0,,C1=C2CC2Cc2ccccc21,False,False,False,True,True,True,True,True,True,True,True,True,"[1.3682983077182547, 1.465163089911772, 1.2507141610332848, 0.7898929699068925, 1.3342559184290659, 1.2960182312128616, 0.7610084992765754]",,"[119.50582032310358, 123.9163773208809, 121.078469993306, 118.19369102390918]",,,,,[1.3644909447031226],"[113.40947451454475, 127.35634556336778, 146.1901532499724, 78.08378261284813, 35.39799298163397, 66.51822440551791, 137.1665172048911, 134.5235840353778]",[132.35096377051056],"[113.66353406785242, 146.49208665198736, 127.29417332224403]",1.0,,,,,,,,,,,,,,,,,,,,,,,,,,,,,,,,,,,,,,,,,,,,,,,,,,,True,,1.0,0.0,,,,,,,,,,,,
Fc1ccc(-c2ccncc2)cc1,True,True,0.6457234088217383,1.4564518957578159,2.8877000000000006,5.0,13,1.0,True,True,True,0.0,0.0,0.0,"[1.3707859931512838, 1.3998519991027172, 1.3648354154992095, 1.377914662738833, 1.381655706069073, 1.387961971650513, 1.3788806771118656, 1.3748398014069725, 1.36919449567674, 1.385871621174245]",,"[1.3088029079791152, 1.3116577971731658]","[116.1949421023573, 121.89099451266658, 122.86579031967298, 120.08806265873682, 117.27632447003553, 118.94901483376793, 118.42018989178942, 119.63036026549348, 120.99243040860868]","[122.2704491173154, 122.52805213545824]",,[118.87862114014852],2.0,,c1ccncc1,True,True,True,True,True,True,True,True,True,True,True,True,[1.3924255945467907],,"[120.91756670140273, 122.88747077892378, 121.16534794812996, 121.5565760798868]",,,,,,,,,,[1.2996545748114123],"[119.99699049416286, 120.36754981335068]",,,,,,,,,,,,,,,,,,,,,,,,,,,,,,,,,,,,,,,,,,,,,,,,,True,,1.0,1.0,,,,,,,,,,,,
Oc1ccc(-c2ccccc2)cc1,True,True,0.6969384886852024,1.2253559443408104,3.0592000000000015,5.0,13,1.0,True,True,True,0.0,0.0,0.0,"[1.4408779903239828, 1.383600394838409, 1.43961347053813, 1.376526344579847, 1.3732323925645313, 1.4276552439515555, 1.39592952651285, 1.4236546440657794, 1.4254283074836789, 1.3706974862505683, 1.4011262607861643, 1.4080005390617603]",[1.3399246897070691],,"[120.23132302509936, 121.10726571723767, 117.44841588304209, 118.41472506482683, 119.7468473602741, 120.49875193141321, 121.58860984556861, 120.3950711231828, 119.31358759812734, 116.77008037428345, 119.66992414370065, 124.39901326333974]",,"[125.65542427833911, 115.90718242209023]",,2.0,,c1ccccc1,True,True,True,True,True,True,True,True,True,True,True,True,[1.4476435512511299],,"[121.31303865866904, 121.93356236750606, 118.75232642240242, 120.81951501395042]",,,,,,,,,,,,,,,,,,,,,,,,,,,,,,,,,,,,,,,,,,,,,,,,,,,,,,,,,,,,True,,1.0,1.0,,,,,,,,,,,,
COC12CCCC1C1=NCC(c3ccccc3)CC1c1ccc(=O)c3cccc2c3-1,False,,,,,,30,,True,True,True,0.0,0.0,0.0,"[1.4162541417342476, 1.4030932546882962, 1.3958195496193542, 1.4335329878673586, 1.3725629277705405, 1.368447557512133, 1.3842007580516982, 1.4007532198034414, 1.3981947869924174, 1.379934550049059, 1.384450982151458, 1.4431060603732224, 1.3886194522913018, 1.3949182193068124, 1.3288799136282232, 1.2150694005893785]","[1.5104669527953902, 1.4437039302036496]",,"[120.39826312417681, 117.13788246096513, 112.50791466418497, 122.43234844426124, 118.69040986977512, 118.83617413884889, 124.59571449678637, 125.31938989384511, 120.13925079385899, 119.88271509598647, 118.84584223292177, 120.57162681744265, 121.16257026323306, 120.70290227168348, 120.48275248516434, 118.77210346638533, 123.20218426306592]",,,,4.0,,,,,,False,False,False,False,False,False,False,False,,"[1.4817490440003667, 1.3779468198425253, 1.3504621373532466, 1.4116906605525839, 1.53392885816246, 1.5443283443787714, 1.4732115506342507, 1.3621357102218428, 1.5940069382906485, 1.4556486882464166, 1.4582992898606368, 1.4961411348643876, 1.5173554533270517, 1.4678626879038734]",,"[123.57535921381047, 122.57709009141215, 112.32070213719295, 122.55468835577102, 120.46024183920255, 120.91655137094433, 120.18080798959335, 112.27869510783472]",,,,1.0,,"[127.88552587058817, 113.42988791121418, 111.78074470447017, 125.8945720078392, 118.80674958028325, 117.62877404883409, 121.59111489040659, 127.16401517337866, 115.05225674517835, 100.89536449410002, 104.03000161887047, 107.15397037208518, 103.47341306596611, 109.00503759620588, 105.78137469709347, 119.77211174932032, 113.42029938352275, 117.63187350145232]","[103.00245897957126, 107.98171219553736, 115.39139595871129]",,,,,[1.3342485972548412],[1.342134080567353],[1.1376225136112303],[121.4735457799303],"[109.5441509074275, 120.65077672600862]",[123.4448298451916],[116.34226299703896],"[122.37895393071139, 118.78485181505899]",1.0,,,,,,,,,,,,,,,,,,,,,,,,,,,,,,,,,,,,,,,,True,,0.0,0.0,,,,,,,,,,,,
C(=Cc1ncn[nH]1)c1ccccc1,True,True,0.7501323494636659,2.421853951192258,1.9750999999999999,5.0,13,2.0,True,True,True,0.0,0.0,0.0,"[1.3940856818697052, 1.420911791847665, 1.3810399351080944, 1.3798391278891655, 1.3621497491051577, 1.3795792948782029]",,"[1.1715247768357748, 1.2737908748140812, 1.1900685743902981, 1.29338341343606]","[123.15298731212111, 116.71901978647938, 117.05576518382567, 121.04305685227993, 121.03471284899067, 120.99301947473896]",,,[101.84506669671227],1.0,,c1nc[nH]n1,True,True,True,True,True,True,True,False,False,True,True,False,"[1.5159259969948062, 1.4122803345359947]",[1.2007862725523957],"[123.53142171241794, 119.74269636206776]","[124.45831317155677, 122.35389566846086]","[105.34982969430705, 108.3351227327851]","[113.06579034123219, 111.38594905349106]",1.0,[1.3100248649734296],,,"[114.54176166458292, 121.9557583761289]",,,,,,,,,,,,,,,,,,,,,,,,,,,,,,,,,,,,,,,,,,,,,,,,,,,,True,,0.6666666666666666,1.0,,,,,,,,,,,,
Nc1ccc(-c2cnn(N)c2)cc1,True,True,0.49698123961333857,2.5574360078050837,0.8461000000000001,5.0,13,1.0,True,True,True,0.0,0.0,0.0,"[1.403233924024604, 1.4214446237388674, 1.3336650981762534, 1.3724002653730842, 1.3472028526134294, 1.3708706737812382, 1.3957743101821625, 1.3743694057484985]",,"[1.3219318096183568, 1.3034040937366143]","[122.38772658278427, 118.37342973309568, 113.87151781178333, 124.4846412936089, 122.17222851798314, 118.70439760541706, 103.69366742732262]","[108.4094511504662, 111.27087703537245]",,,1.0,,c1cn[nH]c1,True,True,True,True,False,True,True,False,True,True,False,False,[1.4356603045033651],[1.3342661225174697],"[121.6069126842961, 124.45821095508484, 131.84271368566866, 124.21664498503752]",,[109.74969070671642],,1.0,,,,,,,,,[1.357503782711064],,,,,,,,[1.2391878566543921],[106.83730448772884],[121.48919551348011],"[117.77627822519553, 123.51929253214499]",[131.44893711230242],,,,,,,,,,,,,,,,,,,,,,,,,,,,,,,,,,,True,,0.5555555555555556,1.0,,,,,,,,,,,,
N#Cc1cc2ccccc2c2c1CC(O)=C1CC3=C(C=CC3)C(=O)C12,True,True,0.7810492886332618,3.9971446917113855,4.392580000000003,5.0,25,0.0,True,True,True,0.0,0.0,0.0,"[1.4212067810450877, 1.5154723254012323, 1.4034633455944756, 1.4217689102748934, 1.362473651810209, 1.3583859012912811, 1.3458621152800474, 1.4198022764819216, 1.3637398101466611, 1.400720037670936, 1.3388397099550264]",[1.2795706184906344],,"[117.93253008492678, 116.38425591308284, 120.62134771956964, 119.74453095525693, 124.85684736059594, 117.9949117788031, 121.004140802114, 119.59166994371418, 119.94852690358901, 121.43796540522091, 120.6012062629383, 120.75643917979066, 122.92829092666516, 119.68413074459559]",,,,4.0,,O=C1C2=C(CC=C2)CC2=CCc3ccc4ccccc4c3C12,False,False,False,True,True,True,True,True,False,False,True,False,"[1.4090693951771904, 1.3654564419059816, 1.4801027661549502, 1.3492057642045343, 1.4454255088276955, 1.3887361312605535, 1.5103316503854212, 1.4611078251850578, 1.4156492753533312, 1.4029412769160299, 1.4946175544136946, 1.4830989813399]",,"[124.1097054539246, 109.53803221535827, 113.58023861249583, 127.04793738768089, 109.97236614501439, 116.82187621996405]",,,,1.0,"[1.4947533970007532, 1.4372755120472582, 1.3753371611244574]","[111.13159245479412, 126.18260228634765, 124.80245093905235, 124.73412557763996, 121.51571843532616, 105.29870680309062, 118.90533781904259, 116.15616946322373, 123.9605927797531, 109.27773546071404]",[118.18353976268622],"[116.72079168839117, 125.51310963736971, 105.08205164592296, 105.67637605479933, 110.89099364444252, 117.85325826480376, 116.68510915148248, 124.32027953742087, 109.35823862834893]",,,,,,[1.1958546332355457],,,,,,,,,,,,[1.2268605949152354],[175.32636303403137],[122.83233644168865],"[126.72515632571556, 123.96260130484887]",,,,,,,,,,,,,,,,,,,,,,,,,,,,,,,True,,0.6666666666666666,0.0,,,,,,,,,,,,
Oc1cnccc1-c1ccc2cnccc2c1,True,True,0.6880201187501459,2.1999868895328643,3.0024000000000006,5.0,17,1.0,True,True,True,0.0,0.0,0.0,"[1.3694872883434364, 1.3631931204245693, 1.4223903048143656, 1.3852387701591906, 1.3745746877621199, 1.4299791391510173, 1.3664596549702586, 1.3591756636846013, 1.3361182983686608, 1.3931412797890261, 1.41461876454663, 1.3141423500299287, 1.365507422751145]",[1.3888388382793586],"[1.317174278821813, 1.3188190790992098, 1.3926936855234235, 1.375106443848864]","[118.44777954037014, 119.98770272592095, 120.1678095452369, 120.12726633450691, 119.84374187014608, 115.8684052227391, 120.97370195876016, 122.50717971107743, 116.6096177108048, 121.5048051980469, 118.71095203785325, 116.48487474610444, 120.30775838287964, 117.66153982111463]","[120.96248975922519, 123.22546147002477, 124.06281415429355, 119.55559515886922]","[127.07272106360482, 116.24090192299691]","[120.33378331111257, 118.97637371285852]",3.0,,c1ccc2cnccc2c1,True,True,True,True,True,True,True,True,True,True,True,True,[1.5485612312083],,"[126.05200043792759, 113.56054414664463, 114.97917763067427, 124.52718313005815]",,,,,,,,,,,,,,,,,,,,,,,,,,,,,,,,,,,,,,,,,,,,,,,,,,,,,,,,,,,,True,,1.0,1.0,,,,,,,,,,,,
Nc1ncc(-c2ccc(O)cc2)cn1,True,True,0.7079610644339032,1.9365267395382908,1.4313999999999998,5.0,14,1.0,True,True,True,0.0,0.0,0.0,"[1.351538610385057, 1.3346578313260469, 1.3125940348661647, 1.360640566319125, 1.3820778926406883, 1.3514343911436524, 1.3655754023779028, 1.370345648668727]",[1.3157039970201236],"[1.2411347331547424, 1.5172895534919937, 1.2914845757218618, 1.3391259145029213]","[120.38237219028677, 119.23261363651676, 120.26749063631301, 121.18693566425382, 119.36839229376275, 119.52838204602641, 112.58295634416177]","[129.04260047923506, 124.82458269712996]","[117.37081392086515, 122.35801121218215]","[114.0725214359959, 119.04647957068255]",2.0,,c1cncnc1,True,True,True,True,True,True,True,True,True,True,False,False,[1.34268281494295],,"[122.70837347691221, 120.68718102591042, 117.7330252195927, 126.6043458741688]",,,[120.20897198602488],,,,,,,,,,[1.320016960254037],,,,,,,,,,,,,,,,,"[118.48053554753642, 121.28727916523978]",,,,,,,,,,,,,,,,,,,,,,,,,,,,,,True,,0.7777777777777778,1.0,,,,,,,,,,,,
Nc1ccc(-c2ccccc2)cn1,True,True,0.7129493456429365,1.5754705192395964,2.3307999999999995,5.0,13,1.0,True,True,True,0.0,0.0,0.0,"[1.3915199173852077, 1.3660135021909432, 1.4568054465331612, 1.4264401829738085, 1.383023409768288, 1.3944155556949516, 1.4049589276402483, 1.4134355774357863, 1.4035871852960493, 1.4182667974202698]",,"[1.3560837919983566, 1.3794451253609021]","[120.34436277474892, 117.87782492425649, 116.93680200163178, 121.07449244274771, 118.80284450817041, 121.83318981707826, 117.12311396815743, 120.77808412138597, 120.3182755373929]","[124.55740870322761, 124.10783624190078]",,[116.17221770628653],2.0,,c1ccncc1,True,True,True,True,True,True,True,True,True,True,False,False,[1.4415236623501262],,"[122.40666277606196, 117.23971760614523, 120.22729116551378, 118.56613828494712]",,,,,,,,,,,,,[1.4132297660536248],,,,,,,,,,,[119.04273414305386],,,,,,[116.84653572509168],,,,,,,,,,,,,,,,,,,,,,,,,,,,,,True,,0.7777777777777778,1.0,,,,,,,,,,,,
Oc1cccc2c1C1Cc3cccnc3-c3cnccc3C1C=C2,True,True,0.6729711967730738,3.6858882357687053,4.299500000000004,5.0,24,0.0,True,True,True,0.0,0.0,0.0,"[1.2925460948151932, 1.4044255416272564, 1.418091729841017, 1.4046818126213525, 1.5291435458404385, 1.4592442030802986, 1.4590037503106572, 1.4063489492525798, 1.3483948487496544, 1.4046235899263562, 1.3005831431061161, 1.3538298467696166, 1.3997691624680233, 1.3745062492771654]",[1.3335129031578405],"[1.2787570427725006, 1.2508670080881652, 1.3038828067012374, 1.4381504803647513]","[112.17018316881861, 117.72928869434378, 117.20306618965623, 113.5502105909314, 122.96497169988385, 117.93642012501093, 119.40335927613499, 120.21620566408625, 122.60371148957302, 119.77100827994998, 120.11018308007102, 119.86622277627644]","[142.16373466646252, 131.2512017839567, 127.80555759500159, 112.53861469262655]","[120.41507437208531, 119.95048285669151]","[109.88609933517446, 112.06452532223668]",4.0,,C1=CC2c3ccncc3-c3ncccc3CC2c2ccccc21,False,False,False,True,True,True,True,True,True,True,True,True,"[1.551328989542844, 1.542644996889662, 1.447277184494441, 1.316555779059765, 1.491258382198621, 1.5068151603287332, 1.4883802196939468, 1.4314585630505534]",,"[124.43682901248762, 110.44025061257763, 119.0584156391579, 116.71927389822491, 118.09903088091687, 121.52304411433413, 133.08234052763, 123.55701378123997, 129.1324152843689, 116.22007153965697, 125.62922657036337]",[114.22601451885535],,,,[1.4090506039707396],"[115.28105994841951, 121.5956566791858, 117.61113830918659, 129.13072651293075, 110.1135962578782, 120.06931004941369, 119.83483180256272]",,"[115.81250413533972, 130.08758455760528]",,,,,,,,,,,,1.0,,,,,,,,,,,,,,,,,,,,,,,,,,,,,,,,,,,,,,,,True,,1.0,0.0,,,,,,,,,,,,
CC1=CC(C=O)=C2Cc3ccc4ccccc4c3C(C=O)=C2C1,True,True,0.7791665570711742,3.2752125002465604,4.193900000000003,5.0,23,2.0,False,True,True,0.08695652173913043,0.0,0.0,"[1.348913082312131, 1.373915207067405, 1.3358584131227356, 1.3700723515833098, 1.3086107172195178, 1.317051305007815, 1.3502752226972972, 1.394168023101316, 1.3185184832211843, 1.3683579514138684, 1.325167606548351]",,,"[116.03639573672848, 123.33896371575335, 119.13058352922003, 121.24408854894989, 120.01592882737188, 118.22657452368541, 119.67226437433312, 121.75692890108303, 119.58490739984384, 119.37204687645477, 121.39861033635023, 119.80483510673515, 119.51841535080914, 120.33499357413416]",,,,4.0,,C1=CCC2=Cc3c(ccc4ccccc34)CC2=C1,False,False,False,True,False,False,True,False,False,False,False,False,"[1.3411477117294788, 1.4125318429478153, 1.2527592445319033, 1.167895767538555, 1.4182803444664382, 1.3561825715788685, 1.4151507382960042, 1.4095000220704235, 1.3731590998552081, 1.4720576833540628]",,"[116.44188626797742, 120.83798624603442, 127.34168104734779, 115.71442010657557]",,,,,"[1.446791410558829, 1.2943763787941773, 1.424028906075455]","[127.1750431437437, 115.7175947823259, 104.28336447324726, 118.31298815846343, 120.10294904631861, 119.2058045147419, 121.06767377102354]",,"[113.34319812404019, 119.46355222629387, 115.17106151773167, 131.4073134493163, 124.06841072189914, 126.11393468223501, 113.0127056331094, 124.02548353621269, 114.22028178050991, 124.68068101974957, 117.47392133255585]",,,,,,"[1.2315062371733332, 0.9682823356959761]",,,,,,,,,,,,,,,"[124.26897967165179, 132.99143227102752]",,,,,,,,,,,,,,,,,,,,,,,,,,,,,,,True,,0.2222222222222222,0.0,,,,,,,,,,,,
CC12CCc3c1c(cc1ccccc31)NC1=NC(N)=CC(=O)C12,True,True,0.7861289002487075,4.097292279508751,2.8667000000000007,5.0,23,0.0,True,True,True,0.0,0.0,0.0,"[1.4179909794231793, 1.3985698553404526, 1.3960445737918366, 1.387135533289883, 1.3777686992776756, 1.3473877858812304, 1.4268913669990488, 1.3789474385794087, 1.4114759778039456, 1.4498798573939922, 1.3858374091171612]",,,"[119.51177201217581, 121.93094712220689, 119.04885250421849, 118.85094662924115, 117.44815916982309, 120.13307500311397, 123.98818473967852, 113.9965865369962, 119.02018634097372, 123.04087422149945, 121.92988701500411, 118.7527622499425, 117.65558716484725, 119.2636961826218]",,,,4.0,,O=C1C=CN=C2Nc3cc4ccccc4c4c3C(CC4)C12,False,False,False,True,True,True,True,True,False,True,True,False,"[1.2666556477120514, 1.4314954475586579, 1.479975738068681, 1.6042983773505501, 1.4860655398396918, 1.3967822907733998, 1.4502117453071164, 1.3835990249850205, 1.6473203604486513]",,"[115.00013078885296, 122.43026275682172, 108.95465242110875, 133.58000548894822]",,,,1.0,[1.3928345648141456],"[117.1604281722884, 101.63634592661798, 110.751269639873, 106.22341994484998, 120.71978664891147, 122.85861878623528, 114.20054907483626, 95.77789306945319, 96.72500070357127, 104.14593873742687, 116.6656725879318, 120.42189485096674]",,[119.71410523556301],,,,[1.349598099669048],"[1.3103916311706865, 1.3294029640356797, 1.4462186704986157, 1.3416103323771862]",[1.1495741554024788],,[117.69161971776188],[124.92240356428665],[122.2169010091993],,,,,,"[126.3262515116061, 114.03183524883708]",,,,,"[117.02722751749744, 125.63372965498016]",,"[119.92357471028697, 118.69360161893738]",[121.33981322198018],[120.01869872521354],[119.45572777067652],,,,,,,,,,,,,,,,,,,,,,,,,,True,,0.7777777777777778,0.0,,,,,,,,,,,,
Oc1ccc2c(s1)Ccc(Cl)cc-2,False,,,,,,13,,False,True,True,0.3076923076923077,0.0,0.0,"[1.3895217576562477, 1.18194793466562, 1.2695488523216651, 1.3565755581658774, 1.323547929834478, 1.193498290440442, 1.1953994590396582]",[1.3309622096270883],,"[106.4487569060879, 120.71557357048673, 119.09018459477106, 121.4458765233532, 133.2035760638082]",,[117.31084126653155],,1.0,,,,,,False,False,False,False,False,False,False,False,,"[1.5336204685163686, 0.7037476682040065, 1.1708658403149508]",,"[128.1041299553968, 116.12189495849624, 147.92080626388022, 120.33663162062899, 106.01523777054071]",,,,,,[147.3122278735121],,,,,,,,,,,,,,1.0,,,,,,,,,,,,,,,"[1.2935454203430867, 1.3777319019677767]",[1.7675964762198724],[128.2697536993896],"[114.71429777357773, 103.12023215768608]",[127.75759644949737],[139.12588631778607],"[126.9180783160435, 126.63041538411109]",,,,,,,,,,,,,,,,,,,True,,0.0,0.0,,,,,,,,,,,,
ONCCc1ccc(O)cc1,True,True,0.565674603341366,2.0038956216570316,0.9135,5.0,11,3.0,False,True,True,0.18181818181818182,0.0,0.0,"[1.3542536465838704, 1.3781483218736055, 1.3170771147146525, 1.3766989259408218, 1.3793468420891335, 1.3639318754203877]",[1.4127443215744142],,"[121.13046603437898, 120.25483656491724, 116.00751323883787, 123.22893592413607, 123.59320265835453, 115.62619288643958]",,"[115.74734025903291, 128.35158275696125]",,1.0,,c1ccccc1,True,True,True,True,False,True,True,False,True,False,False,False,"[1.3411860737470438, 1.3296832693145928]",,"[125.3885956288316, 113.426411641274]",,,,,,[130.45321152015265],,,,,,,[1.1219211551649195],,,,,[112.2829999757339],,,,,,,,,,,,,,,,,,,,,,,,[0.9070505337406681],[119.4266066869101],,,,,,,,,,,,,,,,,True,,0.4444444444444444,1.0,,,,,,,,,,,,
Clc1ccc(-c2ccn[nH]2)cc1,True,True,0.7149153949295375,1.893473869100145,2.7301,5.0,12,1.0,True,True,True,0.0,0.0,0.0,"[1.3704244506341612, 1.3646819424820762, 1.4304242580224065, 1.3832756605780903, 1.3816563872303271, 1.3978386138235597, 1.374245864962963, 1.359096796676348]",,"[1.3239453972153035, 1.3472629846870587]","[120.5010729552025, 119.8292972783092, 119.91956701855878, 105.78472562396587, 120.5260338796527, 119.69407768022116, 119.51642622544165]","[108.48696054806848, 105.13142909542135]",,,1.0,,c1cn[nH]c1,True,True,True,True,True,True,True,True,True,True,True,True,[1.3683557508830637],[1.298887682320967],"[127.0877953242514, 121.50486605351436, 117.9580011941578]",[124.42524405742313],[106.48298889349005],,1.0,,,,,,,,,,,,,,,,,,[114.10234830665867],,,,,,,,,,,,,,[1.7474822740398337],,,,,"[117.96474087469201, 122.11553031855537]",,,,,,,,,,,,,,,,,,,True,,1.0,1.0,,,,,,,,,,,,
Cn1cc(-c2ccc(F)cc2)cn1,True,True,0.6510636984859464,1.7546509766200522,2.2262000000000004,5.0,13,1.0,True,True,True,0.0,0.0,0.0,"[1.3915178944716347, 1.382124608931629, 1.3830493682920966, 1.3742867584884126, 1.3831080483548075, 1.3776340482598972, 1.371823640133819, 1.3507616869528922]",,"[1.3348928036844836, 1.3882617204728902]","[111.94411927388951, 121.35595401424753, 119.67964151478083, 118.08467206589667, 119.54592274933242, 119.93491106108219, 121.38613278180797]","[106.35872715487612, 103.29036244972953]",,,1.0,,c1cn[nH]c1,True,True,True,True,True,True,True,True,True,True,True,True,[1.4654240623804928],[1.3760980676336658],"[119.69231370999135, 120.99662422153672, 119.32088498789486, 128.31365202997551]",,[107.81184957543577],,1.0,,,,,,[1.3179313522265559],"[119.67108533743952, 118.94015141187856]",,[1.4491038253584863],,,,,,,,,[110.58498727952461],,,,,,,,,,,,,,,,,,,,,,[124.56351874198275],[124.84891426255575],,,,,,,,,,,,,,,True,,1.0,1.0,,,,,,,,,,,,
CCCC1=C(C)N(O)c2c1c(O)c1ccc(O)cc1c2=O,False,,,,,,21,,True,True,True,0.0,0.0,0.0,"[1.4534272094077623, 1.319931718923507, 1.546285832631071, 1.393734258167386, 1.3713533573117158, 1.3543441826063705, 1.3313373747968804, 1.3869076884698994, 1.3617498636145042, 1.3607864288985905, 1.3549282637196314]","[1.2326286997429015, 1.3443538788927407]",,"[120.21254522713305, 118.38439740103482, 123.91831515629165, 128.960716653901, 105.88765144035052, 128.3739137487591, 117.69550976239314, 117.88861862011471, 119.75217779949136, 122.46165139554687, 122.33788239913287, 121.51820683622276, 120.36672877006211, 118.1287580138859]",,"[112.11158447271909, 121.54415856637621, 117.05587357031074, 124.81519503663365]",,2.0,,,,,,False,False,False,False,False,False,False,False,,"[1.3681021242566334, 1.492277635415967, 1.2359078582669463, 1.2539436801369954, 1.4215517877813022]",,"[123.78682514338261, 105.8651300405108]",,,,1.0,[1.3911301301194916],"[137.8512016111638, 83.03327345075031, 107.9915121846897]",,"[153.44788741669413, 96.3464912151983, 119.0771581262202]",,,,,"[1.1752487483786749, 1.2542272816941817]",[1.1213082341643843],,,,[119.45454038399782],"[104.97818976317062, 126.44357156057612]",,,,,"[136.96551520699214, 116.68520200308807]",,,,,,,[120.4067701210483],,,[97.53585562027861],,,,,,,,[1.3062533655271924],"[129.77122222913522, 131.2874633528281]",,,,,,,,,,,,,,,,,True,,0.0,0.0,,,,,,,,,,,,
Oc1ccc2[nH]c3c(nc2c1)C=C1C=CN=C1C=3,True,True,0.46046907215239885,2.3340052663402453,2.969900000000001,5.0,18,0.0,True,True,True,0.0,0.0,0.0,"[1.3351410230547949, 1.3469998846591111, 1.3402102633092936, 1.3153771548907747, 1.2701509635989046, 1.4198255863756404, 1.3140113212611486]",[1.3583251142021002],"[1.3692352331787478, 1.3612094990843473, 1.3229534407082826, 1.2383278681338736]","[120.3829366542692, 116.70496701444085, 120.3540352513634, 117.65842220105282, 119.62194972308811, 125.25895016848845]","[121.78167197350497, 117.79665221782204, 117.8187432534993, 124.16391620031993, 118.17311505381227, 122.1289363830999]","[128.37170622758265, 114.91482039723464]","[118.61096735183918, 119.34649485392663]",3.0,,c1ccc2[nH]c3cc4nccc4cc3nc2c1,False,False,False,True,False,True,True,True,False,True,False,False,"[1.3903680260118747, 1.362422704370199, 1.428251888615846, 1.3332821827606391]",,[119.66167107035514],[122.37763963544295],,,1.0,"[1.3994839119100198, 1.3140723695184862, 1.4475090099758352]","[104.54034478392802, 122.70938874550332]",,"[120.46670251679645, 136.84163713453458, 118.55582314501409, 110.55017124475127, 118.78341262155489]",,,,[1.3960213348901043],[1.3441906601058486],,,"[107.6883461072382, 129.4989757163092]",[105.92984900457724],,,,,,,,,,,,,,[111.2852798369168],,,,,,,,,,,,,,,[118.48568235718014],[119.37665028099003],,,,,,,,,,,,,True,,0.5555555555555556,0.0,,,,,,,,,,,,
Nc1ccc(Nc2ccc(Cl)cc2)cc1,True,True,0.7553062858693542,1.494733118803918,3.665800000000001,5.0,15,2.0,True,True,True,0.0,0.0,0.0,"[1.3838651892081801, 1.379979324019777, 1.3747908512066296, 1.3823727484378316, 1.3864529970388595, 1.3696954089694293, 1.3823944101641352, 1.3934427486557641, 1.3812275479008205, 1.3781106587412073, 1.384139914393357, 1.3698129343514918]",,,"[120.09907416947641, 120.68684820371843, 119.5355176216446, 119.76702691189823, 118.77753012989459, 120.4546706172298, 121.78021195176125, 120.52042786936968, 118.84737982166575, 120.32803487198582, 118.32891265001885, 120.36834982382993]",,,,2.0,,c1ccccc1,True,True,True,True,False,True,True,False,True,True,False,False,,,,,,,,,,,,,,,,"[1.3609394762278584, 1.3773705432308123, 1.4087268671170632]",,,,,,,,,,,"[121.23571334560346, 115.69632783250823, 125.49833342023776, 119.64701819915183, 121.30459590499652, 119.17732968711672]",,,,,,,,,,[128.52354209876776],,[1.7212864363253284],,,,,"[116.24738514535912, 123.20023903322598]",,,,,,,,,,,,,,,,,,,True,,0.5555555555555556,1.0,,,,,,,,,,,,
CCCCCCCC,True,True,0.48061060527513716,1.304762875769466,3.3668000000000022,5.0,8,5.0,True,True,True,0.0,0.0,0.0,,,,,,,,,,,False,False,False,True,False,True,True,True,False,True,False,False,"[1.493175038154068, 1.5387427700342942, 1.500084574511178, 1.5073813963414135, 1.5346211762664967, 1.5000053139619776, 1.4900357712175727]",,,,,,,,"[116.426926678293, 115.16293317330525, 114.10981774888334, 116.45973468566905, 113.41496537867168, 118.69410893961486]",,,,,,,,,,,,,,,,,,,,,,,,,,,,,,,,,,,,,,,,,,,,,,,,,,,,,,True,,0.5555555555555556,0.0,,,,,,,,,,,,
Oc1ccc2cc(O)ccc2c1,True,True,0.6201010705740534,1.7686646383309146,2.2509999999999994,5.0,12,0.0,True,True,True,0.0,0.0,0.0,"[1.4153783930758892, 1.4010536907558007, 1.4862790044000176, 1.4443780096458718, 1.4056523805738173, 1.4543758646035692, 1.4129726441154018, 1.4226775187290885, 1.4730723243109562, 1.456558045729805, 1.4347014216334102]","[1.3738593884379822, 1.3822509308436721]",,"[119.19259991708779, 119.97108136448733, 121.75526716378003, 122.80816745814424, 124.36295474585606, 115.4765073531607, 121.09838755096892, 120.15504644613763, 116.89190718383605, 121.06521423970135, 122.02084591094602, 122.03789497835118, 115.02212545541518, 124.5065394269203]",,"[119.88431842477789, 120.92251329120482, 123.56630331763239, 121.38744593378682]",,2.0,,c1ccc2ccccc2c1,True,True,True,True,True,True,True,True,True,True,True,True,,,,,,,,,,,,,,,,,,,,,,,,,,,,,,,,,,,,,,,,,,,,,,,,,,,,,,,,,,,,,,,True,,1.0,1.0,,,,,,,,,,,,
CC1Cc2ccc(O)cc2=N1,False,,,,,,11,,True,True,True,0.0,0.0,0.0,"[1.3847683687655366, 1.382048622855609, 1.3785318931582802, 1.379107838625208, 1.3719206431403104, 1.408898931981699]",[1.3758628630423668],,"[118.67432304427543, 119.06303631772847, 122.70508610758972, 120.1530537540145, 118.80674958819714, 120.58608666815475]",,"[121.29047839844566, 115.98897923976965]",,1.0,,,,,,False,False,False,False,False,False,False,False,,"[1.3774191827081677, 1.5100429683333085, 1.4696241769463287]",,"[129.4900539672155, 109.91580400915473]",,,,1.0,,"[131.27668861174334, 112.74870132093314]",,,,,,[1.4605851295292063],[1.4608091976193496],,,,[116.40108712817847],"[100.29901342158553, 128.42324195712015]",,,,,,,,,,,,,,,,,,,,,,,,,,,,,,"[140.26713903772747, 100.62602414053643]",,,,,,,,,,,,True,,0.0,0.0,,,,,,,,,,,,
NCCCc1ccccc1,True,True,0.6686599066210126,1.342663000627768,1.5779,5.0,10,3.0,True,True,True,0.0,0.0,0.0,"[1.390356657794685, 1.258815290120107, 1.2933922764615426, 1.3585426156053875, 1.331088541195805, 1.324257531857968]",,,"[116.84114482443627, 122.93501984243447, 117.98038184346852, 127.5952599069941, 114.83362777182984, 119.52809317195215]",,,,1.0,,c1ccccc1,True,True,True,True,True,True,True,True,True,True,True,True,"[1.484954788827967, 1.476179795857974, 1.4574514894721624]",,"[120.52196925055138, 119.91830967310008]",,,,,,"[116.87062567839874, 114.13993976945085]",,,,,,,[1.448425772719376],,,,,[119.26142377315983],,,,,,,,,,,,,,,,,,,,,,,,,,,,,,,,,,,,,,,,,,True,,1.0,1.0,,,,,,,,,,,,
C(#Cc1ccno1)c1ccccc1,True,True,0.5641078872953807,2.5893640103638553,2.0744,5.0,13,0.0,True,True,True,0.0,0.0,0.0,"[1.3734899480421707, 1.3747189949904142, 1.4491806488968149, 1.3329067761562248, 1.38765680939968, 1.3711922716857363, 1.3914472789735248, 1.3782443363248804]",,[1.2659847704240152],"[119.02131672470111, 119.90062738143227, 122.53496235985878, 105.36661742033586, 118.32535134941078, 119.69091775472074, 120.52482740686328]",[107.153027174302],,,1.0,,c1cnoc1,True,True,True,True,False,True,True,True,True,True,True,False,"[1.430929916766576, 1.2406560255459231]",,"[124.38834009391555, 116.58638785799843, 131.40430957998427]",,,,1.0,,,,,,,,,,,,,,,,,,,,,,,,,,,,,,,,,,,,,,,,,,,,,[1.2643464459004636],[1.423455306636398],[1.2772760688872058],"[169.39157718814366, 166.3922160780089]",[110.96374541616363],[108.05988626501187],[117.29896329501538],[108.20210432788235],,,,True,,0.7777777777777778,1.0,,,,,,,,,,,,
Oc1ccc2ccc(O)cc2cc1,False,,,,,,13,,True,True,True,0.0,0.0,0.0,"[1.3649536626882262, 1.3210576154112768, 1.3808312639156506, 1.4797214369983616, 1.2928050442131498, 1.3784965437169505, 1.3549850090913051, 1.4573374281434568, 1.3633483852298336, 1.4131475270748473, 1.4073690147960545, 1.3362688791124926]","[1.3782402347154086, 1.33319422689973]",,"[120.35875426523648, 124.08000224126229, 118.75670942275971, 114.23775539930074, 126.61945874183182, 139.0757995144859, 118.10872209149237, 124.18621587985308, 133.12931534596638, 127.20351457821398, 118.63732753883453, 144.49912241314624, 117.58747366914399, 118.98128497717987, 124.78628188348664]",,"[114.98784369791157, 117.23061387595207, 123.28118235940757, 125.82553622942692]",,1.0,,,,,,False,False,False,False,False,False,False,False,,,,,,,,,,,,,,,,,,,,,,,,1.0,,,,,,,,,,,,,,,,,,,,,,,,,,,,,,,,,,,,,,,,True,,0.0,0.0,,,,,,,,,,,,
Cn1ncc2c3c(ccc4cc(O)ccc43)c3c(c21)CCC3,True,True,0.495188030122784,2.6561058091098335,4.074000000000003,5.0,22,0.0,True,True,True,0.0,0.0,0.0,"[1.369697205498885, 1.3557691104751712, 1.3197304955970859, 1.3903167058396533, 1.3635616588806365, 1.3545074801735126, 1.3512704788209373, 1.366127381418003, 1.3564355025655914, 1.3962737260514626, 1.3881275858064928, 1.4020024263782849, 1.3656594350147333, 1.4072371798009893, 1.3955309155529205, 1.3560783174572424, 1.3538735766894516]",[1.3560205899256443],"[1.3834260933823832, 1.2310695718983657]","[124.14914863596628, 119.86226764057105, 126.8314510641437, 116.81797542082317, 119.44059655091122, 118.34638089027334, 122.20679792116667, 115.21027739871664, 120.73830114074906, 119.74467010137596, 120.46543236816213, 123.04751303125131, 119.0991856868475, 124.03579356548374, 105.42249824621233, 123.0107219408824, 118.42238593270513, 131.53435905784127, 121.99132519609144, 118.8658417652956, 118.87282430220402, 116.20806924191497, 122.70072507785203, 120.52844246829972]","[107.53601137217909, 109.7444164641797, 133.24531983891933]","[117.49355505807179, 123.4068393223941]",,3.0,,c1ccc2c(c1)ccc1c3c(c4[nH]ncc4c12)CCC3,False,False,False,True,False,True,True,False,False,False,False,False,"[1.465611049043922, 1.448590002540233, 1.4791769713259169, 1.3595406020393885]",[1.3597141451401722],"[126.49995793411887, 112.97144096375241, 130.94898669989973, 106.344152294254]",,"[105.11352110450191, 111.80598047858675]",,2.0,,"[103.05414525029646, 102.96477494767962, 111.03094847441146]",,,,,,,[1.3554163057657356],,,,,,,,,,,,,,,,,,,,,,,,,,,,,,,[122.02617431213218],[132.8468891677373],,,,,,,,,,,,,,,True,,0.3333333333333333,0.0,,,,,,,,,,,,
CCCCCCCO,True,True,0.5441914935658748,1.5647055331121216,1.9491,5.0,8,5.0,True,True,True,0.0,0.0,0.0,,[1.4176699032853477],,,,,,,,,False,False,False,True,False,True,True,True,False,True,False,False,"[1.570463305724518, 1.5362768639388935, 1.493868345964099, 1.5172722228470605, 1.4843743249772445, 1.5092721537596745]",,,,,,,,"[111.14454426072595, 115.9722734789929, 110.40400420199164, 114.90327062324104, 116.03694868842783]",[114.02588462057528],,,,,,,,,,,,,,,,,,,,,,,,,,,,,,,,,,,,,,,,,,,,,,,,,,,,,True,,0.5555555555555556,0.0,,,,,,,,,,,,
Nc1ccc(-c2c[nH]nn2)cc1,True,True,0.6125856672423885,2.767636946023222,1.0539,5.0,12,1.0,True,True,True,0.0,0.0,0.0,"[1.3671956350093029, 1.385882530912633, 1.4048097004907536, 1.4067472775917085, 1.390663236272528, 1.3846995059814697, 1.3859809253529198]",,"[1.3728144230049024, 1.3904022025093699]","[121.84455014771237, 117.43326242457748, 119.96345995712659, 120.47223212211692, 121.45787254285194, 118.70480270142724]","[106.52764199129025, 110.25854193036307]",,,1.0,,c1c[nH]nn1,True,True,True,True,False,True,True,False,True,True,False,False,[1.3701943939655228],"[1.3157853416212606, 1.3370571027734435]","[124.59407288045988, 121.03930346495406, 121.35765400358135]",[125.07222684233744],[105.29203033545062],,1.0,,,,,,,,,[1.412534792533429],,,,,,,,,[102.74854464529952],,"[119.53127608345496, 121.76370542806447]",,,,,,,,,,,,,,,,,,,,,,,,,,,,,,,,,[115.15618365204224],,,True,,0.5555555555555556,1.0,,,,,,,,,,,,
Nc1cc2cc(O)ccc2o1,True,True,0.5991174501979628,2.566540782947353,1.7206,5.0,11,0.0,True,True,True,0.0,0.0,0.0,"[1.3737615748920415, 1.3207083651466702, 1.3849184181635372, 1.335528831379746, 1.3677739467685268, 1.410740220672433, 1.3884930974468714, 1.3787397168924118]",[1.4132174663691777],,"[102.43273133605729, 134.71291014157296, 117.37625091153275, 122.8528922235674, 120.07606525522175, 121.57027145331845, 116.26623331261322, 111.24136471765242, 127.9806953555609]",,"[133.12664053062647, 115.5961197240462]",,1.0,,c1ccc2occc2c1,True,True,True,True,True,True,True,True,True,True,False,False,,,,,,,1.0,,,,,,,,,[1.5661241343354928],,,,,,,,,,,[143.62424250418462],,,,,,,,,,,,,,,,,,,,,,,,,"[1.403951334226916, 1.425251688597108]",,,,"[111.1161209090863, 102.03805993425944, 128.79493558665726]",,,,,[107.02067885324094],[113.82673971475243],True,,0.7777777777777778,1.0,,,,,,,,,,,,
OC(=S)C=CNNc1ccsc1,True,True,0.3953119071438868,3.6682917876521817,2.0637,5.0,12,4.0,False,True,True,0.25,0.0,0.0,"[1.361637958469228, 1.3578276042439716, 1.3169969225240699]",[0.5165703091154449],,"[109.25291844452197, 118.947373007519]",,,,,,c1ccsc1,True,True,True,True,False,False,True,False,False,False,True,False,[1.1827932868939786],,,,,,1.0,[1.3501393127438905],,[82.01209604965825],[136.1940590460499],,,,,"[1.571520418492463, 1.175596390375241]",,,,,,,,[1.0967526265371441],,,"[113.38656888270701, 125.83467212761781]",,,,,,,[134.71709632646727],,,,"[1.630471767920744, 1.6470131380149826]",,[96.71603160049256],"[108.72941530752345, 105.91362958336319]",,,,,,,,,,,,,,,,,,,,,,True,,0.3333333333333333,1.0,[1.1603270319556687],[116.27184471952091],[161.71345176737213],"[129.56908649554208, 121.78447067293074]",,,,,,,,
NC1=NC2=NC3C(=C2C(=O)C1)C=Cc1ccccc13,True,True,0.7612756223526027,3.926524881576743,1.7932000000000001,5.0,19,0.0,True,True,True,0.0,0.0,0.0,"[1.408483284120069, 1.3684975578746927, 1.3840441331584905, 1.393553395348393, 1.4057719611880948, 1.4241629144457797]",,,"[120.88189691949539, 117.8051463035337, 120.09124977231933, 122.56387879982566, 116.32509377097715, 122.32620044089776]",,,,3.0,,O=C1CC=NC2=NC3C(=C12)C=Cc1ccccc13,False,False,False,True,True,True,True,True,False,False,True,False,"[1.3889298577682534, 1.351584295571857, 1.3816128115918795, 1.3119401570856384, 1.3739529045433865, 1.4206456384109791, 1.3271064916801953, 1.3339135879591264]",,"[119.35151452336575, 118.08339951039686, 117.23801845770643, 122.66911016856514]",,,,1.0,"[1.3293045498430303, 1.332813991701481]","[121.24176001449324, 118.82512803565079, 123.64563849797366, 114.50886313188018, 119.31812806061309]",,"[119.0274303181559, 131.32798206683245, 120.13853735764697, 107.40685670813947, 109.15727727253109, 126.82832027314463]",,,,"[1.3184319017911743, 1.3147183420347845]","[1.3484908254885588, 1.310093638057664, 1.29124426873007]",[1.1649381514131318],,"[108.55296207444144, 120.76506137742415]","[109.52160951565801, 122.73852673880639]","[135.91773646624523, 105.25706487292499, 118.3291893044661, 119.84977776832719]",,,,,,,,,,,"[123.66799947729079, 121.82108184173464]",,,,,,,,,,,,,,,,,,,,,,,,,,,,,,,True,,0.6666666666666666,0.0,,,,,"[133.00963581762838, 119.36158282447201]",,,,,,,
N#Cc1cc2ccccc2[nH]1,True,True,0.6002549956524091,2.3677537016818455,2.03958,5.0,11,0.0,True,True,True,0.0,0.0,0.0,"[1.2762352607817127, 1.4201951269851911, 1.402336038399588, 1.3958206320836117, 1.3955131922572117, 1.3593861123028537, 1.394976027004466, 1.3621031740311098]",,"[1.443570172544788, 1.4588725003128886]","[112.53192986940766, 107.47415277833517, 135.8496482843431, 123.54283630284999, 116.24647218786512, 116.6747200438022, 122.34292115642428, 119.41356953767009, 121.7368301505392]","[107.45952028885264, 130.9054593374207, 105.45809182228915]",,[107.0154214159714],1.0,,c1ccc2[nH]ccc2c1,True,True,True,True,True,True,True,True,True,True,True,True,[1.4212828040304637],,[135.13272500270023],[117.18548808803443],,,1.0,,,,,,,,,,,,,,,,,,,,,,[1.159178793379769],[175.97513954125156],,,,,,,,,,,,,,,,,,,,,,,,,,,,,,,,,True,,1.0,1.0,,,,,,,,,,,,
NCNc1cccc(C(=O)O)c1,True,True,0.5779644672720238,1.952273029939306,0.7128999999999999,5.0,12,3.0,True,True,True,0.0,0.0,0.0,"[1.4307911384344596, 1.4332786859915965, 1.3888801395565773, 1.3957127036287256, 1.4120601545762552, 1.3769622464461237]",[1.2641944396446925],,"[118.10478445790356, 119.38643523257703, 120.67625736047029, 120.21903693335288, 120.58414313401931, 120.53763219800956]",,,,1.0,,c1ccccc1,True,True,True,True,False,False,True,True,True,True,False,False,[1.4222726791406488],,"[120.50249445404988, 118.88385736461926]",,,,,,,[128.34229181137653],,,,,,"[1.2892600077306064, 1.1070211375484005, 1.4689171625922892]",[1.1907950479024394],,,,,,,,,,"[156.83298702943785, 76.53853536422825]",,,,,[128.2593870717494],,,[156.2036366595449],,[119.96464155062249],,,,,,,,,,,,,,,,,,,,,,,,,,True,,0.5555555555555556,1.0,,,,,,[103.35257439196513],,,,,,
CCCCCC=NCC,True,True,0.39746920550742504,2.7920169303024807,2.657400000000001,5.0,9,5.0,True,True,True,0.0,0.0,0.0,,,,,,,,,,,False,False,False,True,False,True,True,True,False,False,False,False,"[1.4952477644985827, 1.4786285567058308, 1.522022872803291, 1.4973694668224542, 1.4441778357277428, 1.4917682482672723]",,,,,,,,"[109.1713210671599, 109.60776799320189, 112.35979784190774, 110.12857879518792]",,,,,,[1.2817410703583298],[1.327087629983417],,,[120.93223397609682],[116.38369065126554],[119.59299685552968],,,,,,,,,,,,,,,,,,,,,,,,,,,,,,,,,,,,,,,,,,True,,0.4444444444444444,0.0,,,,,,,,,,,,
Oc1ccc2cc(O)ccc2c1,True,True,0.6201010705740534,1.7686646383309146,2.2510000000000003,5.0,12,0.0,True,True,True,0.0,0.0,0.0,"[1.3959867672285118, 1.3942174115074881, 1.4020064866195918, 1.3996385178586488, 1.379873431380389, 1.4846853869896572, 1.398268666395002, 1.3445331671451475, 1.4137293676115372, 1.3876993050407085, 1.366051155435107]","[1.4128002266637432, 1.3953414913020852]",,"[123.28405306035305, 117.5820244962678, 125.62971130523671, 116.75873571933681, 117.37844855906523, 121.28211513025079, 124.25120026470807, 120.89269556295203, 117.60609993359702, 121.71233152148893, 117.74945066751575, 120.38199556245027, 121.85965532757017, 121.08824194500284]",,"[123.25754585796359, 120.14227531754248, 122.47920214664038, 119.15338260351486]",,2.0,,c1ccc2ccccc2c1,True,True,True,True,True,True,True,True,True,True,True,True,,,,,,,,,,,,,,,,,,,,,,,,,,,,,,,,,,,,,,,,,,,,,,,,,,,,,,,,,,,,,,,True,,1.0,1.0,,,,,,,,,,,,
C1=NC2=NCc3c(ccc4ccccc34)C2=N1,True,True,0.6527820970176825,2.996398708537388,2.5829000000000004,5.0,17,0.0,True,True,True,0.0,0.0,0.0,"[1.390513159525302, 1.3497344897010668, 1.3771795236350532, 1.3737059914809608, 1.33265585403407, 1.3683218770527465, 1.3723952516978157, 1.395896946460701, 1.344848251065715, 1.2805631119457277, 1.3141379490654757]",,,"[118.42927463823085, 121.78651817047013, 121.30004286536384, 118.65373817902662, 118.85758672194538, 121.04472370743467, 120.04760074345833, 124.04331766121528, 118.76396765892939, 116.28931722902347, 116.05922942358397, 119.36112419908656, 123.86178312655728, 124.9460897009976]",,,,3.0,,C1=NC2=NCc3c(ccc4ccccc34)C2=N1,False,False,False,True,True,True,True,True,True,True,True,True,"[1.3841303207391569, 1.4328333897165346, 1.315341554367645]",,"[123.13277004271353, 117.36675707801993, 117.07038277652464, 118.80121755923354]",,,,1.0,,[120.07452221255232],,,,,,"[1.332680061088846, 1.3565553610392678, 1.1824085254690646]","[1.341056900447604, 1.1435376174625533, 1.3351610821535842]",,,"[119.42890132073134, 99.60042971559363, 140.1902944140427]","[115.12399999090907, 114.32334514618535, 111.60280966835327]","[128.07097537604687, 103.24099042772399]",,,,,,,,,,,,,,,[137.2972918446771],,,,,,,,,,,,,,,,,,,,,,,,,,,True,,1.0,0.0,,,,,[111.09036371326687],,,,,,,
Nc1ccc2oc3c4ccccc4ncc3c2c1,True,True,0.47165211889825237,2.165369562421523,3.716400000000002,5.0,18,0.0,True,True,True,0.0,0.0,0.0,"[1.3909836362571408, 1.401213673497114, 1.4041015502797627, 1.3611060647285378, 1.3585001256453897, 1.3544235769270325, 1.40145112045493, 1.3851945843867741, 1.3647317613700414, 1.3600453812153317, 1.3749259634500133, 1.3794949170102755, 1.3514050757402984, 1.354843698850264, 1.3441497441757173, 1.3464960066535308]",,"[1.3649121945364209, 1.3555945622660017]","[106.2377497067189, 118.22314294392194, 119.32545089460716, 135.5325651651656, 106.05461022340018, 132.30598189167236, 122.12271409947037, 120.05682681407562, 118.285189942699, 120.88262394349162, 118.93932394031596, 119.3940990557019, 116.92946642413638, 123.65624479200147, 120.41694588128425, 121.62493931959814, 117.43943687252822, 121.56619998665934, 118.6533717770251, 122.98692255027028]","[122.858407271699, 117.37431187001394, 121.73986938794246]",,[117.97155134672661],3.0,,c1ccc2c(c1)ncc1c3ccccc3oc21,True,False,False,True,False,True,True,False,True,True,False,False,,,,,,,1.0,,,,,,,,,[1.377731502145229],,,,,,,,,,,"[116.1208737401574, 123.81912059544285]",,,,,,,,,,,,,,,,,,,,,,,,,"[1.3977098375972354, 1.3386006206433751]",,,,"[109.54185927749653, 131.07489550472886, 112.91084250583299, 126.62121491246639]",,,,,[104.9881500346589],,True,,0.5555555555555556,0.3333333333333333,,,,,,,,,,,,
N#CC#Nc1ccc(O)cc1,False,,,,,,11,,False,True,True,0.18181818181818182,0.0,0.0,"[1.3608506196796115, 1.3636665070789589, 1.349804322623964, 1.329040669004343, 1.3216483294203372, 1.329815063010171]",[1.4005498999409673],,"[123.16558533243548, 115.75355025731956, 117.08260946518426, 121.58481097993592, 120.8212365924284, 121.39284194519296]",,"[123.10700548569753, 121.13002463059696]",,,,,,,,False,False,False,False,False,False,False,False,,[1.3068363298127066],,,,,,,,,,,,,,,[1.3028644400506535],,,,,,,,,,,"[117.14574180487581, 121.41658503790268]",,"[1.077462898478668, 1.1224486873604422]","[175.162409412007, 166.9279555973683]",,,,,,,,,,,,,,,,,,,,,,,,,,,,,,,,,True,,0.0,0.0,,,,,,,[172.71067098635407],,,,,
Oc1ccc2cc(Cl)ccc2c1,True,True,0.6570483576706311,1.6212112446657567,3.1988000000000003,5.0,12,0.0,True,True,True,0.0,0.0,0.0,"[1.3999173049348488, 1.3978582498170058, 1.416201727020187, 1.4011024172637283, 1.4616735466930784, 1.4155893548462, 1.477953632764318, 1.466773044000359, 1.4752588458076878, 1.4651204891261966, 1.4220900331227957]",[1.3544573422924855],,"[118.4442405051821, 124.2198629941553, 120.23810219680489, 121.85683949484525, 118.37868243098582, 122.2828199293077, 119.76447457432704, 118.47485521700085, 120.84829281616466, 122.9379441746983, 117.83630568239892, 119.22491150108338, 118.61492611680347, 121.63112597542744]",,"[125.05763328768843, 116.42746715517198]",,2.0,,c1ccc2ccccc2c1,True,True,True,True,True,True,True,True,True,True,True,True,,,,,,,,,,,,,,,,,,,,,,,,,,,,,,,,,,,,,,,[1.7427785818675632],,,,,"[118.42672673199999, 121.32859645366312]",,,,,,,,,,,,,,,,,,,True,,1.0,1.0,,,,,,,,,,,,
Nc1ccc(C2C=CN=N2)cc1,True,True,0.6277275848537837,3.6682006762832398,2.2893999999999997,5.0,12,1.0,True,True,True,0.0,0.0,0.0,"[1.4042498583551322, 1.408541963507846, 1.3893684067068093, 1.3936346778955513, 1.4031703235193378, 1.3963694668557893]",,,"[116.8867349577263, 121.50023034694588, 121.6500311809209, 120.71088533944739, 118.87248855882214, 120.33776860648028]",,,,1.0,,C1=CN=NC1,True,False,False,True,False,True,True,False,False,True,False,False,"[1.4881027352919514, 1.4204011448555958]",,"[123.02265049536638, 120.05097521966913]",,,,1.0,[1.40784046141557],[124.84609966451549],,[103.68892632146972],,,,,"[1.4388667580819257, 1.3824211584842783, 1.3289350285138768]",,,,,"[124.29642980735638, 110.73860265685013]",,,,,,"[120.14609845882677, 120.97974132073031]",,,,,,,[107.89975373742864],,,,,,,,,,,,,,,,,,,,,,,,,,,,,True,,0.4444444444444444,0.3333333333333333,,,,,,,,[1.3534237356227856],"[104.00287829341448, 113.62571458713582]",,,
Nc1ccc(-c2cnnc2)cc1,False,,,,,,12,,True,True,True,0.0,0.0,0.0,"[1.3982591202461345, 1.4151853853865677, 1.3565171465964159, 1.4167848453577656, 1.4245497716219957, 1.3956388606517838, 1.4231501363095693, 1.4007074496137943]",,"[1.3439514921049678, 1.3083406108333915]","[121.64087204657503, 120.79391875629243, 118.18576922672833, 105.29585345031418, 120.89866912196551, 120.30630473662063, 118.16027805412747]","[108.24865129297295, 106.29541970226681]",,,1.0,,,,,,False,False,False,False,False,False,False,False,,[1.4641712363358548],[1.3001711828116713],"[116.52842795946113, 133.19739505630423, 121.03799009721479, 125.28542728295868]",,"[108.71881042534568, 111.40682435713364]",,1.0,,,,,,,,,[1.437757230328396],,,,,,,,,,,"[126.47199977837411, 115.35066941382031]",,,,,,,,,,,,,,,,,,,,,,,,,,,,,,,,,,,,True,,0.0,0.0,,,,,,,,,,,,
COc1cc(O)cc2c1Oc1c-2ccc2cc(O)c(O)cc12,True,True,0.46443740261861405,2.5540171537128113,3.8646000000000025,5.0,22,1.0,True,True,True,0.0,0.0,0.0,"[1.2060542131965493, 1.3482052701450395, 1.3302654838844064, 1.3548391748982918, 1.3766954928572688, 1.3537796350986804, 1.3372975705010546, 1.2774978453243924, 1.3947598311280693, 1.2838409176650676, 1.3255781463710525, 1.2972371955065307, 1.3094381065692953, 1.3486114528057007, 1.2921084755915453, 1.342488191044345, 1.3019102843473163]","[1.3889173682694562, 1.3114213695392618, 1.3264828818157126, 1.5559507737081486, 1.3356724360742405, 1.294453241504214, 1.152852949387303]",,"[125.32565455140214, 118.58415422061532, 117.22886871644458, 124.1501009877072, 121.33603613274622, 121.54188486547449, 114.5069682863897, 112.99154689704935, 122.10694647491574, 122.19954356678139, 120.05169592709177, 124.89578951892176, 124.75215150435021, 116.48906397457925, 115.25404030980643, 121.5023883757954, 124.41348650524392, 118.81046456453716, 118.99244047020878, 120.95513616034529]",,"[115.47433384534709, 128.5987863654851, 114.03255905511665, 127.37777757897699, 135.04457202993055, 103.36464164600685, 121.00186303208551, 119.70307289296696, 123.40467124598858, 117.78482788080971, 123.78931699608238, 114.18748636277223]",,3.0,,c1ccc2c(c1)ccc1c3ccccc3oc21,False,False,False,True,False,True,False,True,True,True,False,False,[1.3505244211965033],,"[113.1359416822123, 121.01975751883387, 107.45375484626953, 131.4742155336497]",,,,1.0,,,,,,,,,,,"[106.66407867855209, 101.57469513376819]",,,,,,,,,,,,,,,,,,,,,,,,,,,,,,,,,,,,,,,,,,,,,True,,0.5555555555555556,0.0,,,,,,,,,,,,
Nc1ccc(-c2ccncc2)cc1,True,True,0.6669358517742447,1.6178215313853457,2.3307999999999995,5.0,13,1.0,True,True,True,0.0,0.0,0.0,"[1.3645703983152613, 1.3992128344810941, 1.3715904958261098, 1.360625179436253, 1.3925814902967488, 1.4006091564843428, 1.3558127101215387, 1.3942791192821564, 1.3860735137804474, 1.3825032360356146]",,"[1.3088891341176025, 1.2775551934881226]","[121.21249808554295, 117.83876806643813, 121.46266961075077, 121.93886496172527, 118.05939087233426, 116.11703282548972, 121.14558172462718, 114.94403384434574, 121.20657153587334]","[120.57873798090814, 127.7210358567897]",,[117.70397458568534],2.0,,c1ccncc1,True,True,True,True,False,True,True,False,True,True,False,False,[1.4693578416784365],,"[120.81125860037764, 121.31957892872181, 122.47694342411701, 121.34685169228531]",,,,,,,,,,,,,[1.4030208770904025],,,,,,,,,,,"[121.27416497674467, 120.63457976954822]",,,,,,,,,,,,,,,,,,,,,,,,,,,,,,,,,,,,True,,0.5555555555555556,1.0,,,,,,,,,,,,
Oc1ccc(-c2cncnc2)cc1,True,True,0.7135428480067479,1.8742340819926309,1.8491999999999993,5.0,13,1.0,True,True,True,0.0,0.0,0.0,"[1.3694884513168755, 1.3976497986535612, 1.4006081265110002, 1.3788556777608125, 1.3710818900890398, 1.4196090022519345, 1.3842291879309165, 1.3637342596119535]",[1.364265770742187],"[1.3349121127726327, 1.2832939048567547, 1.3254294411097884, 1.2872320604752454]","[120.23109914092966, 119.39384368304067, 119.79036839994738, 115.66675035657374, 121.49138335108167, 118.57713503439945, 120.51361482187586]","[119.39344820147363, 123.3482591416534]","[120.38017042360399, 119.10607329347768]","[118.62110034896858, 114.4140521063538]",2.0,,c1cncnc1,True,True,True,True,True,True,True,True,True,True,True,True,[1.5350575321309599],,"[117.88625082467557, 121.8820345088039, 126.89283101138541, 117.383978359113]",,,[128.5333109365724],,,,,,,,,,,,,,,,,,,,,,,,,,,,,,,,,,,,,,,,,,,,,,,,,,,,,,,,,True,,1.0,1.0,,,,,,,,,,,,
CCCCCCCCC,True,True,0.4777243799437154,1.2626212902326763,3.7569000000000026,5.0,9,6.0,True,True,True,0.0,0.0,0.0,,,,,,,,,,,False,False,False,False,False,True,True,True,False,True,False,False,"[1.463217140207317, 1.443445447267232, 1.489204550654453, 1.4493985155365656, 1.4327769285496879, 1.4500600570322038, 1.441255453445737, 1.4540760146800356]",,,,,,,,"[112.5870893582916, 107.72949901534822, 114.86218486124787, 112.69862355200446, 114.03552701455355, 115.55634766590104, 115.92560765592584]",,,,,,,,,,,,,,,,,,,,,,,,,,,,,,,,,,,,,,,,,,,,,,,,,,,,,,True,,0.4444444444444444,0.0,,,,,,,,,,,,
CCCCCCCC,True,True,0.48061060527513716,1.304762875769466,3.3668000000000022,5.0,8,5.0,True,True,True,0.0,0.0,0.0,,,,,,,,,,,False,False,False,True,False,True,True,True,False,True,False,False,"[1.493581113585265, 1.4843225272999236, 1.4970547787413466, 1.4975342921930483, 1.4642617293467715, 1.4843237348263452, 1.5024128392368767]",,,,,,,,"[122.28644414839363, 113.72431573185737, 110.59560877833381, 116.54722868591939, 116.14284242397234, 114.60726731508936]",,,,,,,,,,,,,,,,,,,,,,,,,,,,,,,,,,,,,,,,,,,,,,,,,,,,,,True,,0.5555555555555556,0.0,,,,,,,,,,,,
NCCCCc1ccco1,True,True,0.6427997775001352,2.002733027152967,1.561,5.0,10,4.0,True,True,True,0.0,0.0,0.0,"[1.2935303478128628, 1.3776959767505361, 1.300469744177201]",,,"[112.65869052042866, 105.65414427413819]",,,,,,c1ccoc1,True,True,True,True,False,True,True,True,True,True,True,False,"[1.4832543267948342, 1.4967505683130824, 1.5054905546787913, 1.503657092627846]",,[132.29710953799594],,,,1.0,,"[112.13177122060921, 113.97138148020403, 104.79870855704553]",,,,,,,[1.4531169678713773],,,,,[107.65020450462738],,,,,,,,,,,,,,,,,,,,,,,,,,,,,,,"[1.3788915714971584, 1.3912690469147873]",,,,"[105.50276572833579, 109.117123519586]",,[118.57164356494022],,,[107.06030829759732],,True,,0.7777777777777778,1.0,,,,,,,,,,,,
O=Cc1cnc2ccccc2c1,True,True,0.5927658677434062,1.9237929899792672,2.0473,5.0,12,1.0,True,True,True,0.0,0.0,0.0,"[1.3826241243055106, 1.3811500861814594, 1.4148424659167416, 1.4062015944004433, 1.3756852658278824, 1.3777953286373679, 1.3782745920855, 1.3745565017744543, 1.4283427985921402]",,"[1.37494595109258, 1.3214306925499912]","[117.94643567887461, 118.27644401512627, 119.80215776747518, 125.4268298807773, 120.4401129156374, 119.95679805533196, 122.32642440101887, 116.02069175029554, 121.9146427372265, 116.5334777583195]","[123.93216792248838, 118.11716244664008, 121.65355269871561]",,[117.58720220374096],2.0,,c1ccc2ncccc2c1,True,True,True,True,False,False,True,False,False,False,False,False,[1.4909568084031166],,"[117.92791896366766, 121.6156642019517]",,,,,,,,,,,,,,[1.2038728927286624],,,,,,,,,,,,,,,[130.18650240136373],,,,,,,,,,,,,,,,,,,,,,,,,,,,,,,True,,0.2222222222222222,1.0,,,,,,,,,,,,
Oc1ccc2nc3ccccc3nc2c1,True,True,0.5616775215366682,1.8270533985241961,2.4886,5.0,15,0.0,True,True,True,0.0,0.0,0.0,"[1.3813293537735618, 1.4092797659689982, 1.3624616998170644, 1.403022233810062, 1.4413715310069934, 1.4059423191188174, 1.3759765652073792, 1.356590862151648, 1.394428725991835, 1.3551574842495449, 1.3735249429466108, 1.365891794445836]",[1.3608386030660284],"[1.3386089601676505, 1.3661311770845945, 1.344154504776675, 1.3880056951084725]","[121.73521456092706, 118.03324931519288, 120.10130943929462, 116.03861295479655, 120.78820686870556, 122.74954254324285, 115.35460834513628, 122.77341089128737, 121.78782025357259, 123.52229074695975, 118.37536058437648, 118.47030524770413]","[117.28930375752803, 119.18353768559766, 122.5920696659297, 124.3684984917473, 117.24777222731372, 119.28905322969007, 125.18445738434346, 118.06637417850504]","[120.00779778335712, 119.170794119008]","[115.90513583031941, 119.74133913765925]",3.0,,c1ccc2nc3ccccc3nc2c1,True,True,True,True,False,True,True,True,False,True,False,False,,,,,,,,,,,,,,,,,,,,,,,,,,,,,,,,,,,,,,,,,,,,,,,,,,,,,,,,,,,,,,,True,,0.5555555555555556,1.0,,,,,,,,,,,,
N#CC#Cc1ccccc1,True,True,0.4850181801530184,2.3571086239699426,1.56168,5.0,10,0.0,True,True,True,0.0,0.0,0.0,"[1.383980663319751, 1.3539164510093344, 1.338948781033508, 1.3574382054595298, 1.377149277713901, 1.3212461629574392]",,,"[118.97566239612802, 124.01912976984147, 116.99992082830599, 122.70795032354091, 123.97596970378476, 113.06000085660048]",,,,1.0,,c1ccccc1,True,True,True,True,False,False,True,True,True,True,True,False,"[1.3132089225418564, 1.2768846380182381]",,"[123.53416329622104, 119.46437252596694]",,,,,,,,,,,,,,,,,,,,,,,,,,[1.1348568517304045],[176.69845583365424],,,,,,,,,,,,,,,,,,,,,,,,[1.1536978635643338],"[175.57282378969174, 175.86455343691782]",,,,,,,,True,,0.6666666666666666,1.0,,,,,,,,,,,,
O=C1c2ccc(O)cc2Oc2cc(Cl)ccc21,True,True,0.6193500011209786,2.0009136972251707,3.305200000000001,5.0,17,0.0,True,True,True,0.0,0.0,0.0,"[1.3817451272820895, 1.403892952602654, 1.4158904715839178, 1.3748729903730115, 1.4237401949069624, 1.3999400221101999, 1.3981096315234676, 1.3787776884599112, 1.386924403095926, 1.4035791527208443, 1.392151786964124, 1.4015756672952477]","[1.3711830703607826, 1.3313266134589286, 1.3391437246668874]",,"[120.9591716841816, 118.89087377290404, 120.45038126713061, 120.81331619008937, 117.01197995174256, 122.43767366367179, 118.97814370773669, 119.14708645744274, 121.47880290676234, 121.60624469712502, 121.77415987382538, 116.22114576415606]",,"[119.24203904624963, 121.60630277891336, 120.63170086912272, 117.53818404754935, 117.51897779472345, 125.33353873258949]",,3.0,,O=c1c2ccccc2oc2ccccc12,True,True,True,True,False,True,True,True,True,False,False,False,"[1.310773655604519, 1.3402990505628685]",,"[119.72384475343739, 118.73462262493945, 119.80454283776444, 123.97313809722657]",,,,,,[118.26595091354147],,,,,,,,[1.120528213273038],[118.63519070274009],,,,,,,,,,,,,,"[115.7072573402802, 124.50137055506212]",,,,,,,[1.627213106790144],,,,,"[117.73337461531857, 121.80550377447113]",,,,,,,,,,,,,,,,,,,True,,0.5555555555555556,1.0,,,,,,,,,,,,
Nc1cc(-c2ccc(O)cc2)nn1,False,,,,,,13,,True,True,True,0.0,0.0,0.0,"[1.3805462187559094, 1.373625175934735, 1.3643239599562265, 1.3963952240505473, 1.3667543099636599, 1.3542929557319145, 1.3808857576016256, 1.5000562985766814]",[1.3571696794358004],"[1.3343815597088462, 1.3678828743685856]","[120.48093595320107, 120.79289709930505, 118.51168480337053, 119.64932742634576, 121.52929027444927, 118.98092810116445, 95.76044853836525]","[112.24057690190403, 113.60700968924814]","[122.23123968862126, 117.03450524757847]",,1.0,,,,,,False,False,False,False,False,False,False,False,,[1.4117240394025856],[1.2310798117588777],"[120.97255366531641, 119.37510004291352, 132.6775621566457]",[113.70290786238101],[107.27958645136903],,1.0,,,,,,,,,[1.3264268425182404],,,,,,,,,[111.05739346680383],,[122.88775077487253],,,,,,[124.84935804171134],,,,,,,,,,,,,,,,,,,,,,,,,,,,,,True,,0.0,0.0,,,,,,,,,,,,
O=C(O)C1=CC=C2C(=C1)NOc1cc(F)cc3c1-c1c2cc2cccc(O)c2c1O3,True,True,0.31039913658903456,3.0643851239725377,6.071800000000003,5.0,30,1.0,True,True,True,0.0,0.0,0.0,"[1.3694901416474072, 1.4181830906778434, 1.410819789069198, 1.3406370980523001, 1.4098315072242817, 1.3550370585377822, 1.4286216916072652, 1.414092202415522, 1.3765519442069674, 1.3920175274719526, 1.4042166139537773, 1.365741747695253, 1.3162205679939254, 1.358939540760262, 1.3754695916497257, 1.3328941409407753, 1.3236097724384626]","[1.2534559775007352, 1.3722933019765102, 1.4233819906438063, 1.4001799715996328, 1.283334187038253]",,"[119.77145578035022, 119.18361613733708, 120.31901160292949, 117.37227988822877, 119.40839858179322, 120.09461083793771, 118.4851277921087, 120.49360354007305, 118.84617543650167, 120.59727992255583, 120.28210653468572, 120.1237534016204, 116.44941342433434, 120.30171758650441, 117.05871624297471, 120.00525432966172, 123.02683398871262, 124.84914832291572, 121.98605482962964, 120.02013840148727]",,"[121.93531888867629, 113.72144996626862, 109.7220215364738, 108.017110673148, 117.96619144992515, 111.87641070958924, 128.10105072299845, 127.7588423153253]",,4.0,,c1ccc2c(c1)cc1c3ccccc3[nH]oc3cccc4oc2c1c34,False,False,False,True,True,True,True,True,True,True,False,False,"[1.4178354083864109, 1.4715968056986155, 1.4694890478288667, 1.6687991993204399, 1.4381305563478517, 1.3348642881656363]",,"[117.46268861871881, 124.68232522960744, 136.84248232559847, 103.3013982065761, 99.15773695793814, 138.8546639392167]",,,,1.0,"[1.361672005498068, 1.3270414473894687, 1.3017989952150777]","[122.69476996718791, 118.84889751134075]",[127.60791935235973],"[114.84147594582377, 122.43923829991492, 119.18577400330558, 124.9323012224885, 118.45402238446775, 119.84405443730961, 117.38541334118592, 122.65887563411063]",,[1.3559200284091515],"[120.80231675351627, 119.16098176489625]",,[1.3302024777795323],[1.4795195354319841],[110.00382035536309],,,[120.36315054028188],,,,,,,,,,,[114.54027267622058],,[114.66991122736691],,,,,,,,,,,[1.4453816643199526],[109.46453400997052],,,,,,,,,,,,,,,,,True,,0.7777777777777778,0.0,,,,,,,,,,[117.83306869627258],[103.6321643309516],1.0
N#Cc1ccc2ccccc2c1,True,True,0.57046424261303,1.5678756273419037,2.711480000000001,5.0,12,0.0,True,True,True,0.0,0.0,0.0,"[1.3980406516583594, 1.4024162628206198, 1.3948579960432461, 1.4076389834968834, 1.4451205530487046, 1.3992471950882546, 1.3895798381070572, 1.407119522302368, 1.3937778395313478, 1.4070953007665339, 1.3980778048295288]",,,"[118.4053488607348, 121.52261858191754, 121.61907872803027, 122.14867321871253, 119.80598736693592, 120.19666074051588, 118.03585580246107, 120.80739162305748, 118.22805749680523, 119.48864405983404, 121.34175005348928, 122.28231776214696, 121.58119094556756, 118.78091892328185]",,,,2.0,,c1ccc2ccccc2c1,True,True,True,True,True,True,True,True,True,True,True,True,[1.472742387892118],,"[121.11169421587532, 117.46465378196044]",,,,,,,,,,,,,,,,,,,,,,,,,,[1.1753303740190657],[174.0299205540183],,,,,,,,,,,,,,,,,,,,,,,,,,,,,,,,,True,,1.0,1.0,,,,,,,,,,,,
CCCCCCCCN,True,True,0.5470736840212029,1.6008600072255597,2.3056,5.0,9,6.0,True,True,True,0.0,0.0,0.0,,,,,,,,,,,False,False,False,False,False,True,True,True,False,True,False,False,"[1.4903801175761375, 1.4685820233165972, 1.5151213594791304, 1.4857326823105457, 1.280698952862086, 1.4569872427308044, 1.505958159017694]",,,,,,,,"[112.52542433675774, 118.01979594383359, 118.71725204419752, 117.08706128962388, 119.00287506883193, 110.62381702776729]",,,,,,,[1.376510122342892],,,,,[133.4993791218609],,,,,,,,,,,,,,,,,,,,,,,,,,,,,,,,,,,,,,,,,,True,,0.4444444444444444,0.0,,,,,,,,,,,,
NNCCc1ccc(O)cc1,True,True,0.4337368847296144,1.993435075751325,0.3980000000000001,5.0,11,3.0,True,True,True,0.0,0.0,0.0,"[1.3891932701427983, 1.5325016325053253, 1.3675705364010826, 1.4341877455975591, 1.387063594204701, 1.346063262660761]",[1.3804080816367796],,"[118.23595073976378, 120.13524916831442, 119.84942706613121, 120.47404099913551, 121.87966461347001, 119.41106982820318]",,"[123.2408298707295, 117.30440719306809]",,1.0,,c1ccccc1,True,True,True,True,False,False,True,True,True,False,False,False,"[1.4586384634804563, 1.3843018869380554]",,"[121.68720035707692, 118.14391767156246]",,,,,,[119.1280771486471],,,,,,,[1.3797489870446964],,,,,[120.11418611126885],,,[1.2756660181990085],,,,,,,,,,,,,,,,,,,,,,,,,,,,,,,,,,,,,,,True,,0.4444444444444444,1.0,,,,[112.91048877498767],,,,,,,,
Nc1ccc(-c2cn[nH]n2)cc1,True,True,0.6125856672423886,2.285806616352893,1.0538999999999998,5.0,12,1.0,True,True,True,0.0,0.0,0.0,"[1.3687596133831932, 1.3644481754515239, 1.375303971530416, 1.3578281718191683, 1.3552895974314405, 1.365044151494831, 1.3169669021846617]",,"[1.3385983570402424, 1.3468135312045604]","[119.23409887895721, 118.96716984274818, 121.5023279581487, 121.85982742594699, 118.85174804700544, 119.57160823646369]","[105.56239037761175, 110.81420742218046]",,,1.0,,c1cn[nH]n1,True,True,True,True,False,True,True,False,True,True,False,False,[1.452368196644916],"[1.2725946754268318, 1.3266158381730166]","[121.53631548298875, 119.54069862691875, 126.79997354643669]",[122.37610288247149],,,1.0,,,,,,,,,[1.3584993361462565],,,,,,,,,"[108.42930518626461, 103.199101233981]",,"[121.37960618703661, 119.38609449864147]",,,,,,,,,,,,,,,,,,,,,,,,,,,,,,,,,[111.9908140361322],,,True,,0.5555555555555556,1.0,,,,,,,,,,,,
Cn1c(-c2cccnc2)nc2cc(F)ccc21,True,True,0.6396203693017326,1.9990932694386725,2.774400000000001,5.0,17,1.0,True,True,True,0.0,0.0,0.0,"[1.3516082870689596, 1.3597214986358757, 1.367140496757295, 1.4077433035947808, 1.3687784646846162, 1.3263189603094059, 1.4311892881679633, 1.341523849794201, 1.3114671445869026, 1.3334273955866662]",,"[1.3804316652459703, 1.3548725807136086, 1.3251953343960319, 1.320654028290674, 1.2819388563484806, 1.3919904001657233]","[118.506856874028, 116.60041466101181, 123.51274838182275, 118.29293982106122, 114.8696623310943, 123.6490964140275, 120.60712940942803, 118.2113513848477, 119.49421749376332]","[131.28922221769542, 110.20280024291404, 107.3850120116653, 124.17897083469893, 126.03109565953424, 129.03495889432642]",,"[101.94986644126253, 107.30830552481463, 115.15939121698489]",2.0,,c1ccc2[nH]cnc2c1,True,True,True,True,True,True,True,True,True,True,True,True,[1.3999327069872596],,"[114.85371569399707, 123.90878452115219]","[135.05185343139388, 111.65052344987721]",,[113.12384729941188],1.0,,,,,,[1.2894766882910897],"[120.41496528185193, 115.92582501996488]",,[1.523841483856519],,,,,,,,,,,,,,,,,,,,,,,,,,,,,,,,"[137.73089341634758, 114.94125496152216]",,,,,,,,,,,,,,,True,,1.0,1.0,,,,,,,,,,,,
CC#Cc1ccc(O)cc1,True,True,0.533155784180791,2.1989616743678226,1.7636,5.0,10,0.0,True,True,True,0.0,0.0,0.0,"[1.3671323578008971, 1.3812873743281153, 1.3919839301071135, 1.3890813343399921, 1.3868820941284232, 1.3979325230208044]",[1.4584910506335929],,"[123.5563804314062, 119.11356897965268, 117.88111842371231, 122.23423959067793, 118.37325489181904, 118.83326827329135]",,"[119.2291402822328, 117.21434578027433]",,1.0,,c1ccccc1,True,True,True,True,False,True,True,True,True,True,True,False,"[1.4585606438325889, 1.4779282507682119]",,"[115.58115962406644, 122.12403936318546]",,,,,,,,,,,,,,,,,,,,,,,,,,,,,,,,,,,,,,,,,,,,,,,,,,,[1.1705662183324412],"[176.9632687925816, 178.9791706154659]",,,,,,,,True,,0.7777777777777778,1.0,,,,,,,,,,,,
Oc1ccc2cc(O)ccc2c1,True,True,0.6201010705740534,1.7686646383309146,2.251000000000001,5.0,12,0.0,True,True,True,0.0,0.0,0.0,"[1.4018176707988783, 1.3935727106459632, 1.3748217599763628, 1.3889361415443542, 1.446987293713019, 1.4268822933897565, 1.3897487529154287, 1.3764167150863542, 1.4294588873440872, 1.3691812382883517, 1.4156113783562119]","[1.390058862079799, 1.3588470358268219]",,"[122.79788350316512, 121.18393197013405, 117.58506791414568, 121.22200118277021, 119.49805942979852, 121.60108666553721, 120.53970737139709, 120.14924948207059, 121.02636345505915, 117.0064216578199, 121.8434462825967, 120.42705230272726, 118.82246257559312, 117.72544996304987]",,"[118.73920157300701, 119.6582391840634, 114.12693162693587, 128.14138878863398]",,2.0,,c1ccc2ccccc2c1,True,True,True,True,True,True,True,True,True,True,True,True,,,,,,,,,,,,,,,,,,,,,,,,,,,,,,,,,,,,,,,,,,,,,,,,,,,,,,,,,,,,,,,True,,1.0,1.0,,,,,,,,,,,,
Nc1ccc(-c2cccnc2)cn1,True,True,0.7103828943707656,1.9154446083084196,1.7257999999999998,5.0,13,1.0,True,True,True,0.0,0.0,0.0,"[1.3219513715369555, 1.287087757688094, 1.3429331325806284, 1.2896798519778598, 1.233773894052199, 1.3606650280099952, 1.3707109432326683, 1.373208709030514]",,"[1.3145611407621192, 1.2704204640216634, 1.329675643739305, 1.239807641706209]","[118.2484888337835, 117.40370681568912, 117.20100825244157, 118.32838666376242, 118.8970814342637, 119.91529501300795]","[124.13784838710832, 124.86496289461932, 119.2234785853972, 129.2306039287106]",,"[119.55781471708056, 112.96438711113124]",2.0,,c1ccncc1,True,True,True,True,True,True,True,True,True,True,False,False,[1.4673778458641586],,"[119.20885843055551, 121.26468088226383, 121.33133270203723, 122.54239832196836]",,,,,,,,,,,,,[1.3276280722778482],,,,,,,,,,,[122.91284003288706],,,,,,[117.85608379730483],,,,,,,,,,,,,,,,,,,,,,,,,,,,,,True,,0.7777777777777778,1.0,,,,,,,,,,,,
